ReportID;Report Name;Path
5390;Chart Demo;Web Intelligence Samples/Mobile Samples/
5391;Input Controls & Filter Demo;Web Intelligence Samples/Mobile Samples/
5392;Geo Analysis Demo;Web Intelligence Samples/Mobile Samples/
5393;Sections Demo;Web Intelligence Samples/Mobile Samples/
5394;Mobile - Table Demo;Web Intelligence Samples/Mobile Samples/
5395;Drill Demo;Web Intelligence Samples/Mobile Samples/
5451;ZZ_Multiple Data Sources;Web Intelligence Samples/
5455;ZZ_Input Controls;Web Intelligence Samples/
5456;ZZ_Charting;Web Intelligence Samples/
5457;ZZ_Fold Unfold;Web Intelligence Samples/
5458;ZZ_Sales Analysis Dashboard;Web Intelligence Samples/
9478;ZZ_Rio Games 2016;Web Intelligence Samples/
9480;ZZ_Activity Follow-up Dashboard;Web Intelligence Samples/
10069;Test_RESTWS;Web Intelligence Samples/Resources/
10190;Test_RESTWS_2;Web Intelligence Samples/Resources/
10192;Test_RESTWS_3;Web Intelligence Samples/Resources/
10208;Test_RESTWS_4;Web Intelligence Samples/Resources/
